idArticle;artType;artBrand;artDescription;artPrice;fkSupplier
;Portable et Tablette;Acer;Acer Aspire E1-531;449;
;Portable et Tablette;Acer;Acer Aspire E1-571;499;
;Portable et Tablette;Acer;Acer Aspire One 270;299;
;Portable et Tablette;Acer;Acer Aspire One 725 Black;399;
;Système PC;Acer;Acer Aspire Revo 100;649;
;Système PC;Acer;Acer Aspire Revo RL70;459;
;Portable et Tablette;Acer;Acer Aspire S3 -391;799;
;Portable et Tablette;Acer;Acer Aspire S3 -951;1111;
;Portable et Tablette;Acer;Acer Aspire S3-391;899;
;Portable et Tablette;Acer;Acer Aspire S5 -391;1029;
;Portable et Tablette;Acer;Acer Aspire S7-391;1699;
;Portable et Tablette;Acer;Acer Aspire V3-571;599;
;Portable et Tablette;Acer;Acer Aspire V3-571G;899;
;Portable et Tablette;Acer;Acer Aspire V3-731;549;
;Portable et Tablette;Acer;Acer Aspire V3-771;699;
;Portable et Tablette;Acer;Acer Aspire V3-771G;999;
;Portable et Tablette;Acer;Acer Aspire V5-571;599;
;Portable et Tablette;Acer;Acer Aspire V5-571P;999;
;Beamer;Acer;Acer C120;269;
;Pc all in One;Acer;Acer D241Hbmi;199;
;Beamer;Acer;Acer H5360BD;689;
;Beamer;Acer;Acer H7531D;959;
;Beamer;Acer;Acer H9500;1499;
;Portable et Tablette;Acer;Acer Iconia A200;389;
;Portable et Tablette;Acer;Acer Iconia A510;419;
;Portable et Tablette;Acer;Acer Iconia W510;699;
;Portable et Tablette;Acer;Acer Iconia W700;799;
;Beamer;Acer;Acer K130;499;
;Beamer;Acer;Acer K330;579;
;Beamer;Acer;Acer K520;1099;
;Beamer;Acer;Acer P1320W;579;
;Beamer;Acer;Acer P5280;599;
;Beamer;Acer;Acer X1211;399;
;Beamer;Acer;Acer X1311KW;499;
;Portable et Tablette;Amazon;Amazon Kindle Fire HD 16GB;279;
;Cpu;AMD;AMD A10-5700;139.9;
;Cpu;AMD;AMD A10-5800K;139.9;
;Cpu;AMD;AMD A4-3300;64;
;Cpu;AMD;AMD A4-3400;68;
;Cpu;AMD;AMD A4-5300;58;
;Cpu;AMD;AMD A6-3500;79.9;
;Cpu;AMD;AMD A6-3670K;91;
;Cpu;AMD;AMD A6-5400K;79.9;
;Cpu;AMD;AMD A8-3800;99;
;Cpu;AMD;AMD A8-3850;104;
;Cpu;AMD;AMD A8-3870K;107;
;Cpu;AMD;AMD A8-5500;119.9;
;Cpu;AMD;AMD A8-5600K;115;
;Cpu;AMD;AMD Athlon II X4 641;84.9;
;Cpu;AMD;AMD Athlon II X4 651K;101;
;Mémoire vive;AMD;AMD DDR3 1333MHz 2GB;15;
;Mémoire vive;AMD;AMD DDR3 1333MHz 4GB;24;
;Mémoire vive;AMD;AMD DDR3 1333MHz 4GB Kit;29.9;
;Mémoire vive;AMD;AMD DDR3 1600MHz 2GB;15;
;Mémoire vive;AMD;AMD DDR3 1600MHz 4GB;29;
;Mémoire vive;AMD;AMD DDR3 1600MHz 4GB Kit;29;
;Cpu;AMD;AMD FX-4100;114.9;
;Cpu;AMD;AMD FX-4170;134.9;
;Cpu;AMD;AMD FX-4300;135;
;Cpu;AMD;AMD FX-6100;125;
;Cpu;AMD;AMD FX-6200;149.9;
;Cpu;AMD;AMD FX-6300;148;
;Cpu;AMD;AMD FX-8120;169;
;Cpu;AMD;AMD FX-8150;199.9;
;Cpu;AMD;AMD FX-8150 WC;272;
;Cpu;AMD;AMD FX-8320;188;
;Cpu;AMD;AMD FX-8350;214.9;
;Cpu;AMD;AMD X4 740;79.9;
;Cpu;AMD;AMD X4 750K Black Ed.;89.9;
;Mémoire vive;Apacer;Apacer DDR ECC REG 400MHz;129;
;Mémoire vive;Apacer;Apacer DDR2 667MHz 512MB;9.9;
;Mémoire vive;Apacer;Apacer DDR2 ECC 533MHz;154.9;
;Mémoire vive;Apacer;Apacer DDR3 1333MHz 6GB Kit;69.9;
;Mémoire vive;Apacer;Apacer SO-DDR3 1333MHz 1GB;9.9;
;Pc all in One;Apple;"Apple iMac 21.5""";1499;
;Pc all in One;Apple;"Apple iMac 27""";2049;
;Portable et Tablette;Apple;Apple iPad 16GB 4G Black;699;
;Portable et Tablette;Apple;Apple iPad 16GB 4G White;659;
;Portable et Tablette;Apple;Apple iPad 16GB Black;559;
;Portable et Tablette;Apple;Apple iPad 16GB White;529;
;Portable et Tablette;Apple;Apple iPad 2 16GB 3G White;549;
;Portable et Tablette;Apple;Apple iPad 2 16GB Black;419;
;Portable et Tablette;Apple;Apple iPad 2 32GB 3G Black;655;
;Portable et Tablette;Apple;Apple iPad 32GB 4G Black;734;
;Portable et Tablette;Apple;Apple iPad 32GB 4G White;799;
;Portable et Tablette;Apple;Apple iPad 32GB Black;629;
;Portable et Tablette;Apple;Apple iPad 32GB White;629;
;Portable et Tablette;Apple;Apple iPad 64GB 4G Black;899;
;Portable et Tablette;Apple;Apple iPad 64GB 4G White;822;
;Portable et Tablette;Apple;Apple iPad 64GB Black;759;
;Portable et Tablette;Apple;Apple iPad 64GB White;729;
;Portable et Tablette;Apple;Apple iPad mini 16GB 4G BL;519;
;Portable et Tablette;Apple;Apple iPad mini 16GB 4G WH;519;
;Portable et Tablette;Apple;Apple iPad mini 16GB Black;379;
;Portable et Tablette;Apple;Apple iPad mini 16GB White;379;
;Portable et Tablette;Apple;Apple iPad mini 32GB 4G BL;619;
;Portable et Tablette;Apple;Apple iPad mini 32GB 4G WH;619;
;Portable et Tablette;Apple;Apple iPad mini 32GB Black;479;
;Portable et Tablette;Apple;Apple iPad mini 32GB White;479;
;Portable et Tablette;Apple;Apple iPad mini 64GB 4G BL;719;
;Portable et Tablette;Apple;Apple iPad mini 64GB 4G WH;719;
;Portable et Tablette;Apple;Apple iPad mini 64GB Black;579;
;Portable et Tablette;Apple;Apple iPad mini 64GB White;579;
;Système PC;Apple;Apple Mac mini;699;
;Portable et Tablette;Apple;"Apple MacBook Air 11""";1149;
;Portable et Tablette;Apple;"Apple MacBook Air 13""";1349;
;Portable et Tablette;Apple;"Apple MacBook Pro 13""";1349;
;Portable et Tablette;Apple;"Apple MacBook Pro 15.4""";2049;
;Portable et Tablette;Archos;Archos 80 G9 Tablets;259;
;Portable et Tablette;Archos;Archos Arnova 10b G2 - 8GB;199;
;Portable et Tablette;Archos;Archos Arnova 10b G3;219;
;Portable et Tablette;Archos;Archos Arnova 7d G3;119;
;Portable et Tablette;Archos;Archos Childpad;149;
;Carte mère;Asrock;Asrock AD2700-ITX;92;
;Carte mère;Asrock;Asrock E350M1/USB3;99.9;
;Carte mère;Asrock;Asrock FM2A75 Pro4-M;74.9;
;Carte mère;Asrock;Asrock FM2A75M-ITX;94;
;Carte mère;Asrock;Asrock FM2A85X Extreme6;125;
;Carte mère;Asrock;Asrock H61M-ITX;72;
;Carte mère;Asrock;Asrock H77 PRO4/MVP;99.9;
;Carte mère;Asrock;Asrock H77M;89.9;
;Carte mère;Asrock;Asrock H77M-ITX;106;
;Carte mère;Asrock;Asrock X79 Extreme11;625;
;Carte mère;Asrock;Asrock X79 Extreme4;209;
;Carte mère;Asrock;Asrock X79 Extreme4-M;216;
;Carte mère;Asrock;Asrock X79 Extreme6;244.9;
;Carte mère;Asrock;Asrock Z77 EXTREME4-M;119;
;Carte mère;Asrock;Asrock Z77 EXTREME6;179.9;
;Carte mère;Asrock;Asrock Z77 OC Formula;264.9;
;Carte mère;Asrock;Asrock Z77 PRO3;99.9;
;Carte mère;Asrock;Asrock Z77 Pro4;119.9;
;Portable et Tablette;ASUS;ASUS A55VD-SX043V;666;
;Portable et Tablette;ASUS;ASUS BX31A;1649;
;Carte mère;ASUS;ASUS Crosshair IV Formula;149;
;Carte mère;ASUS;ASUS Crosshair V Formula;225;
;Carte mère;ASUS;ASUS CrosshairV Formula-Z;240;
;Carte mère;ASUS;ASUS E45M1-M PRO;154.9;
;Système PC;ASUS;ASUS EB1501P-B0600;355;
;Portable et Tablette;ASUS;ASUS Eee Pad Infinity;789;
;Portable et Tablette;ASUS;ASUS Eee Pad Prime;599;
;Portable et Tablette;ASUS;ASUS EeePC 1225B;449;
;Portable et Tablette;ASUS;ASUS EEEPC R051BX Black;279;
;Portable et Tablette;ASUS;ASUS EEEPC R051BX Weiss;259;
;Portable et Tablette;ASUS;ASUS EEEPC R11CX Black;299;
;Carte Graphique;ASUS;ASUS EN 210;49.9;
;Carte mère;ASUS;ASUS F1A75-V Pro;109.9;
;Carte mère;ASUS;ASUS F2A55-M;84.9;
;Carte mère;ASUS;ASUS F2A85-M;109.9;
;Carte mère;ASUS;ASUS F2A85-V PRO;155;
;Portable et Tablette;ASUS;ASUS G75VW;2299;
;Portable et Tablette;ASUS;ASUS Google Nexus 7;299;
;Carte Graphique;ASUS;ASUS GT 610;59.9;
;Carte Graphique;ASUS;ASUS GT 630;84.9;
;Carte Graphique;ASUS;ASUS GT 640;109.9;
;Carte Graphique;ASUS;ASUS GT 640 SL;129.9;
;Carte Graphique;ASUS;ASUS GTX 650 DC;169;
;Carte Graphique;ASUS;ASUS GTX 650 Ti DCII OC;209;
;Carte Graphique;ASUS;ASUS GTX 650 Ti DCII TOP;229;
;Carte Graphique;ASUS;ASUS GTX 660 DCII;279;
;Carte Graphique;ASUS;ASUS GTX 660 Ti DCII;369;
;Carte Graphique;ASUS;ASUS GTX 660 Ti DCII OC;379;
;Carte Graphique;ASUS;ASUS GTX 670 DCII;479;
;Carte Graphique;ASUS;ASUS GTX 670 DCII TOP;499;
;Carte Graphique;ASUS;ASUS GTX 680 DCII;619;
;Carte Graphique;ASUS;ASUS GTX 680 DCII TOP;629;
;Carte Graphique;ASUS;ASUS GTX 690;1149;
;Carte Graphique;ASUS;ASUS HD6450;64.9;
;Carte Graphique;ASUS;ASUS HD7850 DCII;279;
;Carte Graphique;ASUS;ASUS HD7870 DCII;319;
;Carte Graphique;ASUS;ASUS HD7970 DCII;469;
;Portable et Tablette;ASUS;ASUS K73E-TY300V;499;
;Portable et Tablette;ASUS;ASUS K75VM-TY096V;999;
;Carte mère;ASUS;ASUS M5A99X EVO;139.9;
;Carte mère;ASUS;ASUS MAXIMUS V EXTREME;379;
;Carte mère;ASUS;ASUS MAXIMUS V FORMULA;289;
;Carte mère;ASUS;ASUS MAXIMUS V FORMULA/TF;355;
;Carte mère;ASUS;ASUS Maximus V Gene;194.9;
;Portable et Tablette;ASUS;ASUS N76VZ-V2G-T1199H;1449;
;Carte mère;ASUS;ASUS P8B75-M;94.9;
;Carte mère;ASUS;ASUS P8B75-M LX;69;
;Carte mère;ASUS;ASUS P8H61-M Pro;84.9;
;Carte mère;ASUS;ASUS P8H77-I;114.9;
;Carte mère;ASUS;ASUS P8H77-M LE;94.9;
;Carte mère;ASUS;ASUS P8H77-M PRO;119.9;
;Carte mère;ASUS;ASUS P8H77-V LE;114.9;
;Carte mère;ASUS;ASUS P8Z77-M PRO;144;
;Carte mère;ASUS;ASUS P8Z77-V;194.9;
;Carte mère;ASUS;ASUS P8Z77-V DELUXE;252;
;Carte mère;ASUS;ASUS P8Z77-V LE PLUS;155;
;Carte mère;ASUS;ASUS P8Z77-V LX;115;
;Carte mère;ASUS;ASUS P8Z77-V PREMIUM;433;
;Carte mère;ASUS;ASUS P8Z77-V PRO;205;
;Carte mère;ASUS;ASUS P8Z77-V PRO/ThunderB;245;
;Carte mère;ASUS;ASUS P9X79;252;
;Carte mère;ASUS;ASUS P9X79 DELUXE;355;
;Carte mère;ASUS;ASUS P9X79 Pro;312;
;Carte mère;ASUS;ASUS P9X79 WS;369;
;Portable et Tablette;ASUS;ASUS Pad Prime Infinity;669;
;Portable et Tablette;ASUS;ASUS PadFone 32GB;879;
;Carte mère;ASUS;ASUS Rampage IV Extreme;399;
;Carte mère;ASUS;ASUS Rampage IV Formula;349;
;Carte mère;ASUS;ASUS Rampage IV GENE;324;
;Portable et Tablette;ASUS;ASUS S56CM-XX070H;999;
;Carte mère;ASUS;ASUS Sabertooth 990FX;170;
;Carte mère;ASUS;ASUS Sabertooth X79;319;
;Carte mère;ASUS;ASUS Sabertooth Z77;219;
;Portable et Tablette;ASUS;ASUS TF810C;1189;
;Portable et Tablette;ASUS;ASUS Transformer Pad;529;
;Portable et Tablette;ASUS;ASUS U47VC;899;
;Portable et Tablette;ASUS;ASUS UX21A-K1009X;1519;
;Portable et Tablette;ASUS;ASUS UX31A;1549;
;Portable et Tablette;ASUS;ASUS UX31VD;1799;
;Portable et Tablette;ASUS;ASUS UX32A;1049;
;Portable et Tablette;ASUS;ASUS UX32VD;1299;
;Portable et Tablette;ASUS;ASUS Vivo Tab TF600;799;
;Portable et Tablette;ASUS;ASUS Vivo TF600T;899;
;Portable et Tablette;ASUS;ASUS X53U-SX090V;388;
;Portable et Tablette;ASUS;ASUS X53U-SX280V;399;
;Portable et Tablette;ASUS;ASUS X54C-SX102V;399;
;Portable et Tablette;ASUS;ASUS X75VD-TY001V;669;
;Dispositifs AV;Beats by Dr. Dre;Beats by Dr. Dre Beat Box portable;469;
;Dispositifs AV;Beats by Dr. Dre;Beats by Dr. Dre Beat Box Sound Dock;429;
;Beamer;BenQ;BenQ GP2;599;
;Beamer;Hewlett Packard;BenQ MS513P;359;
;Beamer;BenQ;BenQ MW712;699;
;Beamer;BenQ;BenQ MX518;499;
;Beamer;BenQ;BenQ MX711;679;
;Beamer;BenQ;BenQ MX717;969;
;Beamer;BenQ;BenQ MX764;1299;
;Beamer;BenQ;BenQ SP840;1429;
;Beamer;BenQ;BenQ W1100;1049;
;Beamer;BenQ;BenQ W7000;2599;
;Beamer;BenQ;BenQ W703D;666;
;Dispositifs AV;Bose;Bose Mobile Speaker;333;
;Dispositifs AV;Bose;Bose Mobile Speaker II;379;
;Dispositifs AV;Bose;Bose SoundDock 2 black;279.9;
;Dispositifs AV;Bose;Bose SoundDock 2 silver;279.9;
;Dispositifs AV;Bose;Bose SoundDock Portable;469;
;Dispositifs AV;Bose;Bose Soundlink Air;449;
;Mémoire vive;Corsair;Corsair DDR 400MHz 1GB;29.9;
;Mémoire vive;Corsair;Corsair DDR2 800MHz 2GB;39.9;
;Mémoire vive;Corsair;Corsair DDR2 800MHz 4GB Kit;79.9;
;Mémoire vive;Corsair;Corsair DDR3 1333MHz 4GB;34;
;Mémoire vive;Corsair;Corsair DDR3 1333MHz 6GB;49.9;
;Mémoire vive;Corsair;Corsair DDR3 1333MHz 8GB;49;
;Mémoire vive;Corsair;Corsair DDR3 1600MHz 12GB;94.9;
;Mémoire vive;Corsair;Corsair DDR3 1600MHz 16GB;99;
;Mémoire vive;Corsair;Corsair DDR3 1600MHz 32GB;269;
;Mémoire vive;Corsair;Corsair DDR3 1600MHz 4GB;29.9;
;Mémoire vive;Corsair;Corsair DDR3 1600MHz 4GB KIT;39.9;
;Mémoire vive;Corsair;Corsair DDR3 1600MHz 64GB;369;
;Mémoire vive;Corsair;Corsair DDR3 1600MHz 6GB;49;
;Mémoire vive;Corsair;Corsair DDR3 1600MHz 8GB;59.9;
;Mémoire vive;Corsair;Corsair DDR3 1866MHz 16GB;249;
;Mémoire vive;Corsair;Corsair DDR3 1866MHz 32GB;219;
;Mémoire vive;Corsair;Corsair DDR3 1866MHz 8GB;69.9;
;Mémoire vive;Corsair;Corsair DDR3 2000MHz 4GB;44.9;
;Mémoire vive;Corsair;Corsair DDR3 2133MHz 16GB;179;
;Mémoire vive;Corsair;Corsair DDR3 2133MHz 32GB;449;
;Mémoire vive;Corsair;Corsair DDR3 2133MHz 8GB;159.9;
;Mémoire vive;Corsair;Corsair DDR3 2400MHz 16GB;359;
;Mémoire vive;Corsair;Corsair SO-DDR3 1066MHz 8GB;49;
;Mémoire vive;Corsair;Corsair SO-DDR3 1333MHz 4GB;25;
;Mémoire vive;Corsair;Corsair SO-DDR3 1600MHz 16GB;84.9;
;Mémoire vive;Corsair;Corsair SO-DDR3 1600MHz 4GB;29.9;
;Mémoire vive;Corsair;Corsair SO-DDR3 1600MHz 8GB;59.9;
;Mémoire vive;Corsair;Corsair Value Select;24.9;
;Système PC;Dell;Dell OptiPlex 3010 SF;899;
;Système PC;Dell;Dell OptiPlex 390MT;699;
;Portable et Tablette;Dell;Dell Vostro 3560;888;
;Système PC;Dell;Dell XPS 8500;999;
;Pc all in One;Dell;Dell XPS One 27;1899;
;Dispositifs AV;Denon;Denon CEOL Piccolo Schwarz;649;
;Dispositifs AV;Denon;Denon CEOL Piccolo Weiss;649;
;Beamer;Epson;Epson EB-X11;479;
;Beamer;Epson;Epson EB-X11H;519.9;
;Beamer;Epson;Epson EH-TW3200;1149;
;Beamer;Epson;Epson EH-TW480;599;
;Beamer;Epson;Epson EH-TW6100;1666;
;Beamer;Epson;Epson MG-850 HD;649;
;Carte mère;EVGA;EVGA CLASSIFIED SR-X;699;
;Carte Graphique;EVGA;EVGA GT 520;74.9;
;Carte Graphique;EVGA;EVGA GT 520 Silent;59.9;
;Carte Graphique;EVGA;EVGA GT 610;54.9;
;Carte Graphique;EVGA;EVGA GT 620;59.9;
;Carte Graphique;EVGA;EVGA GT 630;79.9;
;Carte Graphique;EVGA;EVGA GT 640;79.9;
;Carte Graphique;EVGA;EVGA GTX 460 SE;109.9;
;Carte Graphique;EVGA;EVGA GTX 550 Ti;129.9;
;Carte Graphique;EVGA;EVGA GTX 560;178;
;Carte Graphique;EVGA;EVGA GTX 650;149;
;Carte Graphique;EVGA;EVGA GTX 650 SC;179;
;Carte Graphique;EVGA;EVGA GTX 650 Ti SSC;179;
;Carte Graphique;EVGA;EVGA GTX 660 SC;199.9;
;Carte Graphique;EVGA;EVGA GTX 660 Ti;269;
;Carte Graphique;EVGA;EVGA GTX 660 Ti SC;329;
;Carte Graphique;EVGA;EVGA GTX 670;329;
;Carte Graphique;EVGA;EVGA GTX 670 FTW;429;
;Carte Graphique;EVGA;EVGA GTX 670 SC+ 4GB;399;
;Carte Graphique;EVGA;EVGA GTX 680;499;
;Carte Graphique;EVGA;EVGA GTX 680 FTW+ 4GB;529;
;Carte Graphique;EVGA;EVGA GTX 680 SC;649;
;Carte Graphique;EVGA;EVGA GTX 680+ 4GB;549;
;Carte Graphique;EVGA;EVGA GTX 690;649;
;Carte mère;EVGA;EVGA Z77 FTW;333;
;Ordinateur vocale;Franklin;Franklin BDS-6100;207.9;
;Ordinateur vocale;Franklin;Franklin DBD-475;99.9;
;Ordinateur vocale;Franklin;Franklin LLS-2160;169.9;
;Ordinateur vocale;Franklin;Franklin LLS-7100 Colour;319;
;Mémoire vive;G.Skill;G.Skill DDR3 1333MHz 16GB;84.9;
;Mémoire vive;G.Skill;G.Skill DDR3 1333MHz 32GB;169;
;Mémoire vive;G.Skill;G.Skill DDR3 1333MHz 8GB;44.9;
;Mémoire vive;G.Skill;G.Skill DDR3 1600MHz 16GB;109.9;
;Mémoire vive;G.Skill;G.Skill DDR3 1600MHz 32GB;199.9;
;Mémoire vive;G.Skill;G.Skill DDR3 1600MHz 64GB;344;
;Mémoire vive;G.Skill;G.Skill DDR3 1600MHz 8GB;44.9;
;Mémoire vive;G.Skill;G.Skill DDR3 1866MHz 16GB;109.9;
;Mémoire vive;G.Skill;G.Skill DDR3 1866MHz 32GB;239;
;Mémoire vive;G.Skill;G.Skill DDR3 1866MHz 8GB;69.9;
;Mémoire vive;G.Skill;G.Skill DDR3 2133MHz 16GB;129.9;
;Mémoire vive;G.Skill;G.Skill DDR3 2133MHz 32GB;299;
;Mémoire vive;G.Skill;G.Skill DDR3 2133MHz 8GB;69.9;
;Mémoire vive;G.Skill;G.Skill DDR3 2400MHz 16GB;269.9;
;Dispositifs AV;Gear4;Gear4 AirZone Series 1;169.9;
;Mémoire vive;Geil;Geil DDR3 1333MHz 4GB;19.9;
;Mémoire vive;Geil;Geil DDR3 1333MHz 8GB;44.9;
;Mémoire vive;Geil;Geil DDR3 1600MHz 16GB;99.9;
;Mémoire vive;Geil;Geil DDR3 1866MHz 16GB;104.9;
;Mémoire vive;Geil;Geil DDR3 1866MHz 32GB;219.9;
;Mémoire vive;Geil;Geil DDR3 2133MHz 16GB;149;
;Mémoire vive;Geil;Geil DDR3 2133MHz 32GB;284;
;Mémoire vive;Geil;Geil DDR3 2133MHz 8GB;49.9;
;Carte mère;Gigabyte;Gigabyte 970A-D3;97;
;Carte mère;Gigabyte;Gigabyte 970A-DS3;84.9;
;Carte mère;Gigabyte;Gigabyte 970A-UD3;104.9;
;Carte mère;Gigabyte;Gigabyte 990FXA-UD3;149.9;
;Carte mère;Gigabyte;Gigabyte 990FXA-UD5;169.9;
;Carte mère;Gigabyte;Gigabyte 990FXA-UD7;229.9;
;Carte mère;Gigabyte;Gigabyte A75-D3H;104.9;
;Carte mère;Gigabyte;Gigabyte A75M-D2H;85;
;Carte mère;Gigabyte;Gigabyte B75M-D3H;74.9;
;Carte mère;Gigabyte;Gigabyte B75N;99.9;
;Carte mère;Gigabyte;Gigabyte F2A55M-DS2;59.9;
;Carte mère;Gigabyte;Gigabyte F2A75M-D3H;79.9;
;Carte mère;Gigabyte;Gigabyte F2A85X-D3H;99.9;
;Carte mère;Gigabyte;Gigabyte F2A85XM-D3H;89.9;
;Carte mère;Gigabyte;Gigabyte F2A85X-UP4;144.9;
;Carte mère;Gigabyte;Gigabyte G1.Assassin2;379;
;Carte mère;Gigabyte;Gigabyte G1.Sniper 3;359;
;Carte mère;Gigabyte;Gigabyte G1.Sniper M3;179.9;
;Carte mère;Gigabyte;Gigabyte G41M-Combo;59.9;
;Carte Graphique;Gigabyte;Gigabyte GT 610;1119;
;Carte Graphique;Gigabyte;Gigabyte GT 620 HD;54.9;
;Carte Graphique;Gigabyte;Gigabyte GT 630 HD;69.9;
;Carte Graphique;Gigabyte;Gigabyte GT 640;79.9;
;Carte Graphique;Gigabyte;Gigabyte GTX 650 OC;119.9;
;Carte Graphique;Gigabyte;Gigabyte GTX 660 OC;159;
;Carte Graphique;Gigabyte;Gigabyte GTX 660 Ti OC;269;
;Carte Graphique;Gigabyte;Gigabyte GTX 670 OC;369;
;Carte Graphique;Gigabyte;Gigabyte GTX 680 SOC;469;
;Carte Graphique;Gigabyte;Gigabyte GTX 680 UD;529;
;Carte Graphique;Gigabyte;Gigabyte GTX 690;529;
;Carte mère;Gigabyte;Gigabyte H61MA-D3V;69.9;
;Carte mère;Gigabyte;Gigabyte H61M-D2 B3;64.9;
;Carte mère;Gigabyte;Gigabyte H61M-D2H-USB3;79;
;Carte mère;Gigabyte;Gigabyte H61M-DS2 B3;54;
;Carte mère;Gigabyte;Gigabyte H61M-HD2;64.9;
;Carte mère;Gigabyte;Gigabyte H61M-S1;49.9;
;Carte mère;Gigabyte;Gigabyte H61M-S2PV;54.9;
;Carte mère;Gigabyte;Gigabyte H67MA-USB3-B3;84.9;
;Carte mère;Gigabyte;Gigabyte H77-D3H;99.9;
;Carte mère;Gigabyte;Gigabyte H77-DS3H;89.9;
;Carte mère;Gigabyte;Gigabyte H77M-D3H;94.9;
;Carte Graphique;Gigabyte;Gigabyte HD6770 SL;1099;
;Carte Graphique;Gigabyte;Gigabyte HD775O OC;139;
;Carte Graphique;Gigabyte;Gigabyte HD7770 HD;139;
;Carte Graphique;Gigabyte;Gigabyte HD7950 UD;149;
;Carte Graphique;Gigabyte;Gigabyte HD7970 UD;349;
;Carte mère;Gigabyte;Gigabyte Q77M-D2H;135;
;Carte mère;Gigabyte;Gigabyte X79-UD3;214.9;
;Carte mère;Gigabyte;Gigabyte X79-UD5;299;
;Carte mère;Gigabyte;Gigabyte Z68MX-UD2H B3;1239;
;Carte mère;Gigabyte;Gigabyte Z77-D3H;124.9;
;Carte mère;Gigabyte;Gigabyte Z77-DS3H;111;
;Carte mère;Gigabyte;Gigabyte Z77M-D3H;104.9;
;Carte mère;Gigabyte;Gigabyte Z77MX-D3H;127;
;Carte mère;Gigabyte;Gigabyte Z77MX-D3H TH;169.9;
;Carte mère;Gigabyte;Gigabyte Z77N-WIFI;139.9;
;Carte mère;Gigabyte;Gigabyte Z77X-D3H;147;
;Carte mère;Gigabyte;Gigabyte Z77X-UD3H;159.9;
;Carte mère;Gigabyte;Gigabyte Z77X-UD3H-WB;189.9;
;Carte mère;Gigabyte;Gigabyte Z77X-UD5H;224.9;
;Carte mère;Gigabyte;Gigabyte Z77X-UD5H-WB;239.9;
;Carte mère;Gigabyte;Gigabyte Z77X-UP4 TH;199.9;
;Carte mère;Gigabyte;Gigabyte Z77X-UP5 TH;314;
;Carte mère;Gigabyte;Gigabyte Z77X-UP7;394;
;Pc all in One;Hewlett Packard;Hewlett Packard 27-1260ez;1699;
;Portable et Tablette;Hewlett Packard;Hewlett Packard Elitebook 8460p;1435;
;Portable et Tablette;Hewlett Packard;Hewlett Packard Envy 14-1191ez;799;
;Pc all in One;Hewlett Packard;Hewlett Packard Envy 23 D060ez;1599;
;Portable et Tablette;Hewlett Packard;Hewlett Packard Envy 4-1060ez;777;
;Portable et Tablette;Hewlett Packard;Hewlett Packard Envy 4-1150ez;999;
;Portable et Tablette;Hewlett Packard;Hewlett Packard Envy 4-1170ez;1199;
;Portable et Tablette;Hewlett Packard;Hewlett Packard Envy 6-1076ez;999;
;Portable et Tablette;Hewlett Packard;Hewlett Packard Envy 6-1166ez;899;
;Portable et Tablette;Hewlett Packard;Hewlett Packard Envy dv6-7276ez;1099;
;Portable et Tablette;Hewlett Packard;Hewlett Packard Envy dv7-7286ez;1199;
;Portable et Tablette;Hewlett Packard;Hewlett Packard Envy dv7-7290ez;1499;
;Système PC;Hewlett Packard;Hewlett Packard Envy H8-1420ez;1199;
;Système PC;Hewlett Packard;Hewlett Packard Envy H9-1360ez;1699;
;Portable et Tablette;Hewlett Packard;Hewlett Packard Envy M6-1156ez;899;
;Pc all in One;Hewlett Packard;Hewlett Packard Omni 27-1180ez;1588;
;Portable et Tablette;Hewlett Packard;Hewlett Packard Pavilion 15-b036ez;699;
;Pc all in One;Hewlett Packard;Hewlett Packard Pavilion 23 B010ez;999;
;Portable et Tablette;Hewlett Packard;Hewlett Packard Pavilion dm1-4310ez;499;
;Portable et Tablette;Hewlett Packard;Hewlett Packard Pavilion DM4-2140ez;999;
;Portable et Tablette;Hewlett Packard;Hewlett Packard Pavilion DV6-7030ez;899;
;Portable et Tablette;Hewlett Packard;Hewlett Packard Pavilion DV6-7050ez;1199;
;Portable et Tablette;Hewlett Packard;Hewlett Packard Pavilion dv6-7186ez;999;
;Portable et Tablette;Hewlett Packard;Hewlett Packard Pavilion DV7-7196ez;1099;
;Portable et Tablette;Hewlett Packard;Hewlett Packard Pavilion DV7-7199ez;1369;
;Portable et Tablette;Hewlett Packard;Hewlett Packard Pavilion g6-2009sz;539;
;Portable et Tablette;Hewlett Packard;Hewlett Packard Pavilion G7-2004EZ;888;
;Portable et Tablette;Hewlett Packard;Hewlett Packard Pavilion g7-2020ez;699;
;Portable et Tablette;Hewlett Packard;Hewlett Packard Pavilion g7-2126ez;555;
;Portable et Tablette;Hewlett Packard;Hewlett Packard Pavilion g7-2221ez;444;
;Système PC;Hewlett Packard;Hewlett Packard Pavilion p6-2120;999;
;Système PC;Hewlett Packard;Hewlett Packard Pavilion p6-2220ezm;949;
;Système PC;Hewlett Packard;Hewlett Packard Pavilion p6-2320ezm;899;
;Système PC;Hewlett Packard;Hewlett Packard Pavilion p6-2340ezm;1099;
;Système PC;Hewlett Packard;Hewlett Packard Pavillion H8-1320ez;949;
;Système PC;Hewlett Packard;Hewlett Packard Pavillion H9-1161ez;1299;
;Système PC;Hewlett Packard;Hewlett Packard Pavillion H9-1260ez;1399;
;Système PC;Hewlett Packard;Hewlett Packard Pavillion p6-2310ez;799;
;Portable et Tablette;Hewlett Packard;Hewlett Packard ProBook 4530s;729;
;Portable et Tablette;Hewlett Packard;Hewlett Packard ProBook 4540s;789;
;Portable et Tablette;Hewlett Packard;Hewlett Packard ProBook 4740s;889;
;Portable et Tablette;Hewlett Packard;Hewlett Packard ProBook 6560b;919;
;Portable et Tablette;Hewlett Packard;Hewlett Packard SpectreXT Pro;1169;
;Système PC;Hewlett Packard;Hewlett Packard Thin Client t510;449;
;Pc all in One;Hewlett Packard;Hewlett Packard TouchSmart 520-1130;1099;
;Carte Graphique;HIS;HIS HD7850 IceQ X;449;
;Carte Graphique;HIS;HIS HD7970 IceQ X²;259;
;Dispositifs AV;iHome;iHome iW1;259.9;
;Dispositifs AV;iHome;iHome iW2;209.9;
;Carte mère;Intel;Intel DH61BE B3;89.9;
;Carte mère;Intel;Intel DH61WW B3;69.9;
;Carte mère;Intel;Intel DH67BL B3;102;
;Carte mère;Intel;Intel DH67CF B3;125;
;Carte mère;Intel;Intel DH67CL B3;104.9;
;Carte mère;Intel;Intel DH67GD B3;109.9;
;Carte mère;Intel;Intel DH77DF;134.9;
;Carte mère;Intel;Intel DH77EB;109;
;Carte mère;Intel;Intel DH77KC;117;
;Carte mère;Intel;Intel DP67DE B3;114.9;
;Carte mère;Intel;Intel DQ77MK;147;
;Carte mère;Intel;Intel DX79SI;314.9;
;Carte mère;Intel;Intel DX79SR;324;
;Carte mère;Intel;Intel DX79TO;224.9;
;Carte mère;Intel;Intel DZ77BH55K;184.9;
;Carte mère;Intel;Intel DZ77GA-70K;244.9;
;Carte mère;Intel;Intel DZ77RE-75K;289.9;
;Carte mère;Intel;Intel DZ77SL-50K;129;
;Cpu;Intel;Intel G465;49.9;
;Cpu;Intel;Intel G530;54.9;
;Cpu;Intel;Intel G550;55;
;Cpu;Intel;Intel G555;64.9;
;Cpu;Intel;Intel G630;72;
;Cpu;Intel;Intel G640;74.9;
;Cpu;Intel;Intel G840;79.9;
;Cpu;Intel;Intel G850;74;
;Cpu;Intel;Intel G860;94.9;
;Cpu;Intel;Intel G870;145;
;Cpu;Intel;Intel i3 2100;127;
;Cpu;Intel;Intel i3 2105;129.9;
;Cpu;Intel;Intel i3 2120;154;
;Cpu;Intel;Intel i3 2120T;134.9;
;Cpu;Intel;Intel i3 2125;129.9;
;Cpu;Intel;Intel i3 2130;154.9;
;Cpu;Intel;Intel i3 3220;155;
;Cpu;Intel;Intel i3 3225;199.9;
;Cpu;Intel;Intel i3 3240;209;
;Cpu;Intel;Intel i5 2320;2.19;
;Cpu;Intel;Intel i5 2400;219.9;
;Cpu;Intel;Intel i5 2450P;234.9;
;Cpu;Intel;Intel i5 2500;244.9;
;Cpu;Intel;Intel i5 2500K;199.9;
;Cpu;Intel;Intel i5 2550K;184.9;
;Cpu;Intel;Intel i5 3330;204;
;Cpu;Intel;Intel i5 3350P;205;
;Cpu;Intel;Intel i5 3450;204;
;Cpu;Intel;Intel i5 3450S;207;
;Cpu;Intel;Intel i5 3470;219;
;Cpu;Intel;Intel i5 3470S;219;
;Cpu;Intel;Intel i5 3550;239;
;Cpu;Intel;Intel i5 3570;315;
;Cpu;Intel;Intel i5 3570K;319;
;Cpu;Intel;Intel i7 2600;299;
;Cpu;Intel;Intel i7 2600K;315;
;Cpu;Intel;Intel i7 2700K;339;
;Cpu;Intel;Intel i7 3770;315;
;Cpu;Intel;Intel i7 3770K;314;
;Cpu;Intel;Intel i7 3770S;589;
;Cpu;Intel;Intel i7 3820;1045;
;Cpu;Intel;Intel i7 3930K;1045;
;Cpu;Intel;Intel i7 3960X;966;
;Cpu;Intel;Intel i7 3970X;1539;
;Cpu;Intel;Intel Xeon 5650;219;
;Cpu;Intel;Intel Xeon 5675;565;
;Cpu;Intel;Intel Xeon E3-1220;219;
;Cpu;Intel;Intel Xeon E5645;565;
;Dispositifs AV;Ion;Ion AUDIO Block Rocker;229.9;
;Dispositifs AV;Ion;Ion AUDIO Road Rocker;124.9;
;Dispositifs AV;Ion;Ion AUDIO Tailgater;229.9;
;Dispositifs AV;Ion;Ion AUDIO Tailgater MKII;169.9;
;Dispositifs AV;Ion;Ion CD Direct;299.9;
;Dispositifs AV;Ion;Ion ION Tape Express;49.9;
;Dispositifs AV;Ion;Ion PROFILE LP;99.9;
;Dispositifs AV;JBL;JBL OnBeat Micro;129.9;
;Dispositifs AV;JBL;JBL OnBeat Venue;249.9;
;Dispositifs AV;JVC;JVC RV-NB90;479.9;
;Mémoire vive;Kingston Technology;Kingston Technology DDR2 667MHz;19;
;Mémoire vive;Kingston Technology;Kingston Technology DDR2 667MHz 2GB;39;
;Mémoire vive;Kingston Technology;Kingston Technology DDR2 800MHz 2GB;32;
;Mémoire vive;Kingston Technology;Kingston Technology DDR3 1333MHz 12GB;69;
;Mémoire vive;Kingston Technology;Kingston Technology DDR3 1333MHz 2GB;15;
;Mémoire vive;Kingston Technology;Kingston Technology DDR3 1333MHz 4GB;29.9;
;Mémoire vive;Kingston Technology;Kingston Technology DDR3 1333MHz 8GB;49;
;Mémoire vive;Kingston Technology;Kingston Technology DDR3 1600MHz 16GB;89.9;
;Mémoire vive;Kingston Technology;Kingston Technology DDR3 1600MHz 32GB;279.9;
;Mémoire vive;Kingston Technology;Kingston Technology DDR3 1600MHz 4GB;29;
;Mémoire vive;Kingston Technology;Kingston Technology DDR3 1600MHz 8GB;35;
;Mémoire vive;Kingston Technology;Kingston Technology DDR3 1866MHz 16GB;129;
;Mémoire vive;Kingston Technology;Kingston Technology DDR3 1866MHz 4GB;24.9;
;Mémoire vive;Kingston Technology;Kingston Technology DDR3 1866MHz 8GB;75;
;Mémoire vive;Kingston Technology;Kingston Technology DDR3 2133MHz 16GB;119;
;Mémoire vive;Kingston Technology;Kingston Technology DDR3 2133MHz 32GB;294.9;
;Mémoire vive;Kingston Technology;Kingston Technology DDR3 2133MHz 64GB;555;
;Mémoire vive;Kingston Technology;Kingston Technology DDR3 2133MHz 8GB;59.9;
;Mémoire vive;Kingston Technology;Kingston Technology DDR3 2400MHz 16GB;184.9;
;Mémoire vive;Kingston Technology;Kingston Technology DDR3 2400MHz 32GB;349;
;Mémoire vive;Kingston Technology;Kingston Technology DDR3 2400MHz 8GB;69.9;
;Mémoire vive;Kingston Technology;Kingston Technology SO-DDR2 667MHz 1GB;22;
;Mémoire vive;Kingston Technology;Kingston Technology SO-DDR2 667MHz 2GB;39.9;
;Mémoire vive;Kingston Technology;Kingston Technology SO-DDR2 667MHz 4GB;84.9;
;Mémoire vive;Kingston Technology;Kingston Technology SO-DDR2 800MHz 2GB;39.9;
;Mémoire vive;Kingston Technology;Kingston Technology SO-DDR3 1066MHz 4GB;34.9;
;Mémoire vive;Kingston Technology;Kingston Technology SO-DDR3 1333MHz 4GB;24;
;Mémoire vive;Kingston Technology;Kingston Technology SO-DDR3 1600MHz 16GB;149.9;
;Mémoire vive;Kingston Technology;Kingston Technology SO-DDR3 1600MHz 4GB;29.9;
;Mémoire vive;Kingston Technology;Kingston Technology SO-DDR3 1600MHz 8GB;59.9;
;Mémoire vive;Kingston Technology;Kingston Technology SO-DDR3 1866MHz 8GB;74.9;
;Mémoire vive;Kingston Technology;Kingston Technology SO-DDR3 2666MHz 8GB;179.9;
;Lecteur DVD&BD;Lenco;Lenco DVP-937;149.9;
;Portable et Tablette;Lenovo;Lenovo ThinkPad Edge B570e;549;
;Portable et Tablette;Lenovo;Lenovo ThinkPad Edge E525;469;
;Portable et Tablette;Lenovo;Lenovo ThinkPad Edge E530;599;
;Dispositifs AV;Logitech;Logitech AV Stand for iPad;69.9;
;Dispositifs AV;Logitech;Logitech Mini Boombox;79.9;
;Dispositifs AV;Logitech;Logitech Pure-Fi Anywhere 2;99.9;
;Dispositifs AV;Logitech;Logitech Pure-Fi Express Plus;69.9;
;Dispositifs AV;Logitech;Logitech S715i black;119.9;
;Dispositifs AV;Logitech;Logitech Speaker S315i silver;69.9;
;Dispositifs AV;Logitech;Logitech Speaker Stand iPad;49.9;
;Dispositifs AV;Logitech;Logitech Z715i;149.96;
;Pc all in One;MSI;MSI AE2050;599;
;Portable et Tablette;MSI;MSI Gaming GE70;999;
;Portable et Tablette;MSI;MSI Gaming GT60;1599;
;Portable et Tablette;MSI;MSI Gaming GT70;1899;
;Recpteur AV;Onkyo;Onkyo A-9070 black;1340;
;Recpteur AV;Onkyo;Onkyo TX-8050 black;649;
;Recpteur AV;Onkyo;Onkyo TX-NR414 silber;499;
;Recpteur AV;Onkyo;Onkyo TX-NR515 black;639;
;Portable et Tablette;Packard Bell ;Packard Bell by ACER Easynote LV44;509;
;Lecteur DVD&BD;Panasonic;Panasonic DMP-BD77EG-K;104.9;
;Lecteur DVD&BD;Panasonic;Panasonic DMP-BD77EG-S;104.9;
;Lecteur DVD&BD;Panasonic;Panasonic DMP-BDT120EG;159.9;
;Lecteur DVD&BD;Panasonic;Panasonic DMP-BDT220EG;179.9;
;Lecteur DVD&BD;Panasonic;Panasonic DMP-BDT221EG;179.9;
;Enregistreur HDD;Panasonic;Panasonic DMR-BCT720EG;699;
;Enregistreur HDD;Panasonic;Panasonic DMR-BCT820EG;749;
;Enregistreur HDD;Panasonic;Panasonic DMR-EX84CEGK;409;
;Enregistreur HDD;Panasonic;Panasonic DMR-EX93CEGK;459;
;Home Cinema;Panasonic;Panasonic SC-BTT182EGK;259.9;
;Home Cinema;Panasonic;Panasonic SC-BTT290EGK;369;
;Home Cinema;Panasonic;Panasonic SC-BTT490EGK;439;
;Home Cinema;Panasonic;Panasonic SC-BTT590EGK;499;
;Tv;Panasonic;Panasonic TX-L32ETW5;719;
;Tv;Panasonic;Panasonic TX-L32ETW5W;749;
;Tv;Panasonic;Panasonic TX-L32EW5;559;
;Tv;Panasonic;Panasonic TX-L32EW5S;559;
;Tv;Panasonic;Panasonic TX-L37ETW5;819;
;Tv;Panasonic;Panasonic TX-L37ETW5W;849;
;Tv;Panasonic;Panasonic TX-L37EW5;666;
;Tv;Panasonic;Panasonic TX-L37EW5S;649;
;Tv;Panasonic;Panasonic TX-L42DT50E;1199;
;Tv;Panasonic;Panasonic TX-L42ETW5;939;
;Tv;Panasonic;Panasonic TX-L42ETW50;1139;
;Tv;Panasonic;Panasonic TX-L42ETW5W;999;
;Tv;Panasonic;Panasonic TX-L42EW5;749;
;Tv;Panasonic;Panasonic TX-L42EW5S;749;
;Tv;Panasonic;Panasonic TX-L42WT50E;1559;
;Tv;Panasonic;Panasonic TX-L47DT50E;1469;
;Tv;Panasonic;Panasonic TX-L47ETW5;1111;
;Tv;Panasonic;Panasonic TX-L47ETW50;1399;
;Tv;Panasonic;Panasonic TX-L47WT50E;1779;
;Tv;Panasonic;Panasonic TX-L55DT50E;1999;
;Tv;Panasonic;Panasonic TX-L55WT50E;2499;
;Tv;Panasonic;Panasonic TX-P42GT50J;1111;
;Tv;Panasonic;Panasonic TX-P42ST50J;899;
;Tv;Panasonic;Panasonic TX-P50ST50J;1099;
;Tv;Panasonic;Panasonic TX-P50VT50J;1799;
;Tv;Panasonic;Panasonic TX-P55VT50J;2222;
;Tv;Panasonic;Panasonic TX-P65ST50J;2599;
;Tv;Panasonic;Panasonic TX-P65VT50J;3499;
;Mémoire vive;Patriot Memory;Patriot Memory DDR 400MHz 1GB;24.9;
;Mémoire vive;Patriot Memory;Patriot Memory DDR2 800MHz 1GB;25;
;Mémoire vive;Patriot Memory;Patriot Memory DDR2 800MHz 2GB;29.9;
;Mémoire vive;Patriot Memory;Patriot Memory DDR3 1333Hz 8GB;72;
;Mémoire vive;Patriot Memory;Patriot Memory DDR3 1333MHz 16GB;89.9;
;Mémoire vive;Patriot Memory;Patriot Memory DDR3 1333MHz 2GB;14.9;
;Mémoire vive;Patriot Memory;Patriot Memory DDR3 1333MHz 32GB;179.9;
;Mémoire vive;Patriot Memory;Patriot Memory DDR3 1333MHz 4GB;24.9;
;Mémoire vive;Patriot Memory;Patriot Memory DDR3 1333MHz 6GB;79;
;Mémoire vive;Patriot Memory;Patriot Memory DDR3 1333MHz 8GB;33;
;Mémoire vive;Patriot Memory;Patriot Memory DDR3 1600MHz 16GB;129.9;
;Mémoire vive;Patriot Memory;Patriot Memory DDR3 1600MHz 32GB;239.9;
;Mémoire vive;Patriot Memory;Patriot Memory DDR3 1600MHz 4GB;29.9;
;Mémoire vive;Patriot Memory;Patriot Memory DDR3 1600MHz 8GB;49.9;
;Mémoire vive;Patriot Memory;Patriot Memory DDR3 1866MHz 16GB;119.9;
;Mémoire vive;Patriot Memory;Patriot Memory DDR3 1866MHz 32GB;219.9;
;Mémoire vive;Patriot Memory;Patriot Memory DDR3 1866MHz 4GB;42;
;Mémoire vive;Patriot Memory;Patriot Memory DDR3 1866MHz 8GB;68;
;Mémoire vive;Patriot Memory;Patriot Memory DDR3 2133MHz 16GB;129.9;
;Mémoire vive;Patriot Memory;Patriot Memory DDR3 2133MHz 32GB;288;
;Mémoire vive;Patriot Memory;Patriot Memory DDR3 2133MHz 8GB;69.9;
;Mémoire vive;Patriot Memory;Patriot Memory DDR3 2400MHz 8GB;119.9;
;Mémoire vive;Patriot Memory;Patriot Memory SO-DDR2 800MHz 4GB;89;
;Mémoire vive;Patriot Memory;Patriot Memory SO-DDR3 1333MHz 4GB;24.9;
;Mémoire vive;Patriot Memory;Patriot Memory SO-DDR3 1333MHz 8GB;49.9;
;Mémoire vive;Patriot Memory;Patriot Memory SO-DDR3 1600MHz 16GB;79.9;
;Mémoire vive;Patriot Memory;Patriot Memory SO-DDR3 1600MHz 4GB;24.9;
;Mémoire vive;Patriot Memory;Patriot Memory SO-DDR3 1600MHz 8GB;49.9;
;Tv;Philips;Philips 32PFL5007K/12;555;
;Tv;Philips;Philips 32PFL5507K/12;599;
;Tv;Philips;Philips 32PFL6007K/12;799;
;Tv;Philips;Philips 37PFL6007K/12;899;
;Tv;Philips;Philips 40PFL5007K/12;749;
;Tv;Philips;Philips 40PFL5507K/12;799;
;Tv;Philips;Philips 40PFL7007K/12;1619;
;Tv;Philips;Philips 42PFL6007K/12;999;
;Tv;Philips;Philips 46PFL5007K/12;949;
;Tv;Philips;Philips 46PFL5507K/12;999;
;Tv;Philips;Philips 46PFL7007K/12;1949;
;Tv;Philips;Philips 47PFL6007K/12;1299;
;Tv;Philips;Philips 55PFL5507K/12;1555;
;Tv;Philips;Philips 55PFL6007K/12;1699;
;Tv;Philips;Philips 55PFL7007K/12;2699;
;Dispositifs AV;Philips;Philips AE5250;76.9;
;Dispositifs AV;Philips;Philips AZ1027;69.9;
;Lecteur DVD&BD;Philips;Philips BDP3380;139.9;
;Lecteur DVD&BD;Philips;Philips DVP3990;69.9;
;Dispositifs AV;Philips;Philips Fidelio DS3500;99.9;
;Dispositifs AV;Philips;Philips FWP3200D;419;
;Lecteur DVD&BD;Philips;Philips PD7006;169.9;
;Recpteur AV;Pioneer;Pioneer A-30-K;349;
;Recpteur AV;Pioneer;Pioneer A-50-S;699;
;Lecteur DVD&BD;Pioneer;Pioneer BDP-LX55;549;
;Recpteur AV;Pioneer;Pioneer VSX-1122-K;799;
;Recpteur AV;Pioneer;Pioneer VSX-527-K;449;
;Recpteur AV;Pioneer;Pioneer VSX-527-S;449;
;Recpteur AV;Pioneer;Pioneer VSX-922-K;599;
;Recpteur AV;Pioneer;Pioneer VSX-922-S;599;
;Dispositifs AV;Pioneer;Pioneer X-HM70DAB-K;499;
;Dispositifs AV;Pioneer;Pioneer X-SMC5-S;439;
;Carte Graphique;PNY;PNY Quadro 2000;469;
;Carte Graphique;PNY;PNY Quadro 2000 DVI;539;
;Carte Graphique;PNY;PNY Quadro 400;499;
;Carte Graphique;PNY;PNY Quadro 4000;159;
;Carte Graphique;PNY;PNY Quadro 5000;919;
;Carte Graphique;PNY;PNY Quadro 600;2099;
;Carte Graphique;PNY;PNY Quadro 6000;239;
;Carte Graphique;Point of View;Point of View TGT GTX 660 Ti UC;449.9;
;Carte Graphique;Point of View;Point of View TGT GTX 670 UC;349;
;Carte Graphique;Point of View;Point of View TGT GTX 680 BEAST;649;
;Carte Graphique;Point of View;Point of View TGT GTX 680 UC;669;
;Carte Graphique;PowerColor;PowerColor HD7950;389;
;Carte Graphique;PowerColor;PowerColor HD7970;499;
;Dispositifs AV;Pure;Pure One Elite II Black;139.9;
;Dispositifs AV;Pure;Pure One Elite II White;139.9;
;Portable et Tablette;Samsung;Samsung Ativ Smart PC XE500;949;
;Portable et Tablette;Samsung;Samsung Ativ Smart PC XE700T;1449;
;Portable et Tablette;Samsung;Samsung Ativ Tab P8510;679;
;Lecteur DVD&BD;Samsung;Samsung BD-D5100;95;
;Lecteur DVD&BD;Samsung;Samsung BD-E5500;99;
;Enregistreur HDD;Samsung;Samsung BD-E6300/EN;229;
;Enregistreur HDD;Samsung;Samsung BD-E8300;399;
;Enregistreur HDD;Samsung;Samsung BD-E8900;549;
;Lecteur DVD&BD;Samsung;Samsung BD-ES6000;199.9;
;Lecteur DVD&BD;Samsung;Samsung BD-ES6000E;199.9;
;Lecteur DVD&BD;Samsung;Samsung BD-ES7000;279.9;
;Dispositifs AV;Samsung;Samsung DA-E550;169.9;
;Dispositifs AV;Samsung;Samsung DA-E650;229.9;
;Dispositifs AV;Samsung;Samsung DA-E651;229.9;
;Dispositifs AV;Samsung;Samsung DA-E750;679;
;Dispositifs AV;Samsung;Samsung DA-E751;679;
;Portable et Tablette;Samsung;Samsung Galaxy Note N8000;679;
;Portable et Tablette;Samsung;Samsung Galaxy Note N8010;499;
;Portable et Tablette;Samsung;Samsung Galaxy Tab II P3100;379;
;Portable et Tablette;Samsung;Samsung Galaxy Tab II P3110;249;
;Portable et Tablette;Samsung;Samsung Galaxy Tab II P5100;459;
;Portable et Tablette;Samsung;Samsung Galaxy Tab II P5110;333;
;Portable et Tablette;Samsung;Samsung GalaxyTabII P5110SET;379;
;Portable et Tablette;Samsung;Samsung Gaming NP700G7C;1999;
;Portable et Tablette;Samsung;Samsung Google Nexus 10;499;
;Home Cinema;Samsung;Samsung HT-D350;159.9;
;Home Cinema;Samsung;Samsung HT-E4500;309;
;Home Cinema;Samsung;Samsung HT-E5500;359;
;Home Cinema;Samsung;Samsung HT-E5550;539;
;Home Cinema;Samsung;Samsung HT-E6500;669;
;Home Cinema;Samsung;Samsung HT-E6750W;939;
;Home Cinema;Samsung;Samsung HT-E8200;649;
;Home Cinema;Samsung;Samsung HT-ES6200;439;
;Home Cinema;Samsung;Samsung HT-ES6600;469;
;Home Cinema;Samsung;Samsung HT-ES8200;799;
;Portable et Tablette;Samsung;Samsung NP350E5C;599;
;Portable et Tablette;Samsung;Samsung NP350E7C;999;
;Portable et Tablette;Samsung;Samsung NP350V5C;899;
;Portable et Tablette;Samsung;Samsung NP530U3C;999;
;Portable et Tablette;Samsung;Samsung NP530U4B;1159;
;Portable et Tablette;Samsung;Samsung NP540U3C;1399;
;Portable et Tablette;Samsung;Samsung NP700Z3C;1249;
;Portable et Tablette;Samsung;Samsung NP700Z5C;1349;
;Portable et Tablette;Samsung;Samsung NP900X3C;1799;
;Portable et Tablette;Samsung;Samsung NP900X3D;1199;
;Portable et Tablette;Samsung;Samsung NP900X4C;1799;
;Tv;Samsung;Samsung T22B300;206.9;
;Tv;Samsung;Samsung T24B300EE 5;269.1;
;Tv;Samsung;Samsung T24B300EW 5;269.9;
;Tv;Samsung;Samsung T27A750 5;719.9;
;Tv;Samsung;Samsung T27A950 5;719.9;
;Tv;Samsung;Samsung T27B300 5;314.9;
;Tv;Samsung;Samsung T27B750 5;494.9;
;Pc all in One;Samsung;Samsung TS240C;999;
;Pc all in One;Samsung;Samsung TS240W;1149;
;Tv;Samsung;Samsung UE32ES5700;449.1;
;Tv;Samsung;Samsung UE32ES6710;647.1;
;Tv;Samsung;Samsung UE32ES6880;691.1;
;Tv;Samsung;Samsung UE37ES5700;647.1;
;Tv;Samsung;Samsung UE37ES6300;692.1;
;Tv;Samsung;Samsung UE37ES6710;791.1;
;Tv;Samsung;Samsung UE40D7080;499;
;Tv;Samsung;Samsung UE40ES5700;548.1;
;Tv;Samsung;Samsung UE40ES6300;555.1;
;Tv;Samsung;Samsung UE40ES6710;799.2;
;Tv;Samsung;Samsung UE40ES6880;953.1;
;Tv;Samsung;Samsung UE40ES7080;1097.1;
;Tv;Samsung;Samsung UE40ES8080;1649;
;Tv;Samsung;Samsung UE46ES5700;791.1;
;Tv;Samsung;Samsung UE46ES6300;898.2;
;Tv;Samsung;Samsung UE46ES6710;1034.1;
;Tv;Samsung;Samsung UE46ES6880;999;
;Tv;Samsung;Samsung UE46ES7080;1094.1;
;Tv;Samsung;Samsung UE46ES8080;1799;
;Tv;Samsung;Samsung UE50ES6710;1348.2;
;Tv;Samsung;Samsung UE55ES6100;1295.1;
;Tv;Samsung;Samsung UE55ES6300;1394.1;
;Tv;Samsung;Samsung UE55ES6880;1592.1;
;Tv;Samsung;Samsung UE55ES7080;1889.1;
;Tv;Samsung;Samsung UE55ES8080;2449;
;Tv;Samsung;Samsung UE60ES6300;1889.1;
;Tv;Samsung;Samsung UE65ES8080;3999;
;Tv;Samsung;Samsung UE75ES9080;8490;
;Portable et Tablette;Samsung;Samsung XE700T1A;1349;
;Carte Graphique;Sapphire;Sapphire HD7770;166;
;Carte Graphique;Sapphire;Sapphire HD7870;379;
;Carte Graphique;Sapphire;Sapphire HD7950 Dual Fan;444;
;Carte Graphique;Sapphire;Sapphire HD7970;499;
;Lecteur DVD&BD;Sony;Sony BDP-S185 black;94;
;Lecteur DVD&BD;Sony;Sony BDP-S186 silver;94;
;Lecteur DVD&BD;Sony;Sony BDP-S480;129;
;Lecteur DVD&BD;Sony;Sony BDP-S490;119.9;
;Lecteur DVD&BD;Sony;Sony BDP-S790;239.9;
;Home Cinema;Sony;Sony BDV-E190;289;
;Home Cinema;Sony;Sony BDV-E290;329;
;Home Cinema;Sony;Sony BDV-E690;499;
;Home Cinema;Sony;Sony BDV-EF220;239.9;
;Home Cinema;Sony;Sony BDV-N590;459;
;Home Cinema;Sony;Sony BDV-N790W;569;
;Home Cinema;Sony;Sony BDV-N890W;649;
;Home Cinema;Sony;Sony BDV-N990W;799;
;Home Cinema;Sony;Sony BDV-NF620;449;
;Home Cinema;Sony;Sony BDV-NF720;569;
;Dispositifs AV;Sony;Sony CFD-S07CP;69.9;
;Dispositifs AV;Sony;Sony CMT-G2BNiP;589;
;Dispositifs AV;Sony;Sony CMT-V50iP;219.9;
;Dispositifs AV;Sony;Sony CMT-V75BTIP;279.9;
;Dispositifs AV;Sony;Sony ICF-DS15iPB;99.9;
;Tv;Sony;Sony KDL-22EX550;399;
;Tv;Sony;Sony KDL-26EX550B;499;
;Tv;Sony;Sony KDL-26EX550W;499;
;Tv;Sony;Sony KDL-32EX650;599;
;Tv;Sony;Sony KDL-32HX750;669;
;Tv;Sony;Sony KDL-40EX650;669;
;Tv;Sony;Sony KDL-40HX750;869;
;Tv;Sony;Sony KDL-40HX850;1111;
;Tv;Sony;Sony KDL-46EX650;959;
;Tv;Sony;Sony KDL-46HX750;1099;
;Tv;Sony;Sony KDL-46HX850;1599;
;Tv;Sony;Sony KDL-55HX750;1599;
;Tv;Sony;Sony KDL-55HX850;1999;
;Dispositifs AV;Sony;Sony RDP-M15iP;129.9;
;Dispositifs AV;Sony;Sony RDP-M5iPB;69;
;Dispositifs AV;Sony;Sony RDP-V20IPB;109.9;
;Dispositifs AV;Sony;Sony RDP-XA700IP;389;
;Dispositifs AV;Sony;Sony RDP-XA900IP;459;
;Dispositifs AV;Sony;Sony RDP-XF300IP;239.9;
;Dispositifs AV;Sony;Sony SA-NS410;249.9;
;Dispositifs AV;Sony;Sony SA-NS510;339;
;Dispositifs AV;Sony;Sony SRF18 schwarz;29.9;
;Dispositifs AV;Sony;Sony SRF18 weiss;29.9;
;Dispositifs AV;Sony;Sony SRS-B525W;99.9;
;Portable et Tablette;Sony;Sony Tablet S T113 3G;449;
;Portable et Tablette;Sony;Sony Vaio 14A2V1EW;899;
;Portable et Tablette;Sony;Sony Vaio D1121X9EB;1699;
;Portable et Tablette;Sony;Sony Vaio E1112M1EB;549;
;Portable et Tablette;Sony;Sony Vaio E1112M1EW;549;
;Portable et Tablette;Sony;Sony Vaio E14A2V1EB;899;
;Portable et Tablette;Sony;Sony Vaio E14A2V1EP;899;
;Portable et Tablette;Sony;Sony Vaio E14A2V2ES;999;
;Portable et Tablette;Sony;Sony Vaio E1512N1EB;749;
;Portable et Tablette;Sony;Sony Vaio E1512Y1ESI;999;
;Portable et Tablette;Sony;Sony Vaio E1712M1EW;799;
;Portable et Tablette;Sony;Sony Vaio E1712Z1EB;1399;
;Portable et Tablette;Sony;Sony Vaio S 1312N9EB;1199;
;Portable et Tablette;Sony;Sony Vaio S 13A2W9ES;1999;
;Portable et Tablette;Sony;Sony Vaio S 1512Z9EB;1599;
;Portable et Tablette;Sony;Sony Vaio T 1312X1ES;1299;
;Portable et Tablette;Sony;Sony Vaio T1312V1ES;999;
;Portable et Tablette;Sony;Sony Vaio Z21V9E;3199;
;Portable et Tablette;Sony;Sony Vaio Z23Z9E;3299;
;Dispositifs AV;Sony;Sony XDR-S16DBP;99;
;Dispositifs AV;Sony;Sony XDR-S56DBP;69.9;
;Portable et Tablette;Sony;Sony Xperia S SGP-T121;459;
;Portable et Tablette;Sony;Sony Xperia S SGP-T123;659;
;Portable et Tablette;Sony;Sony Xperia S SGP-T131;599;
;Dispositifs AV;Sony;Sony ZS-PS30CPB;79.9;
;Dispositifs AV;Sony;Sony ZS-PS30CPW;79.9;
;Système PC;STEG;STEG BUDGET W7 SET;629;
;Système PC;STEG;STEG BUDGET Windows 7;529;
;Système PC;STEG;STEG DISCOVERY C20;529;
;Système PC;STEG;STEG DISCOVERY C20 SET;649;
;Système PC;STEG;STEG DISCOVERY C30;599;
;Système PC;STEG;STEG DISCOVERY P40;649;
;Système PC;STEG;STEG DISCOVERY P50;599;
;Système PC;STEG;STEG DISCOVERY P50 SET;749;
;Système PC;STEG;STEG ENTERPRISE C10;679;
;Système PC;STEG;STEG ENTERPRISE C15;679;
;Système PC;STEG;STEG ENTERPRISE P40;999;
;Système PC;STEG;STEG ENTERPRISE P40 SET;1149;
;Système PC;STEG;STEG ENTERPRISE P50;1099;
;Système PC;STEG;STEG ENTERPRISE P55;1099;
;Système PC;STEG;STEG EXCELLENCE P40;1999;
;Système PC;STEG;STEG EXCELLENCE X70;2499;
;Système PC;STEG;STEG HERAKLES;999;
;Système PC;STEG;STEG i3-OFFICE;499;
;Système PC;STEG;STEG i3-PROOF;659;
;Système PC;STEG;STEG i3-PROOF SET;799;
;Système PC;STEG;STEG i3-SILENZIO-PRO;749;
;Système PC;STEG;STEG i3-SMART;649;
;Système PC;STEG;STEG i3-SMART SET;799;
;Système PC;STEG;STEG i5-IXION;949;
;Système PC;STEG;STEG i5-OFFICE;599;
;Système PC;STEG;STEG i5-PERFORMANCE;899;
;Système PC;STEG;STEG i5-PERFORMANCE SET;1049;
;Système PC;STEG;STEG i7 VIDAR;1099;
;Système PC;STEG;STEG i7-IXION;999;
;Système PC;STEG;STEG i7-OFFICE;799;
;Système PC;STEG;STEG I-GAMER;799;
;Système PC;STEG;STEG MYPC-2012;599;
;Système PC;STEG;STEG MYPC-2012 SET;799;
;Système PC;STEG;STEG NOVA;777;
;Système PC;STEG;STEG PERFORMER C10;799;
;Système PC;STEG;STEG PERFORMER C10 SET;888;
;Système PC;STEG;STEG PERFORMER P40;849;
;Système PC;STEG;STEG PERFORMER P50;899;
;Système PC;STEG;STEG PERFORMER P50 SET;999;
;Système PC;STEG;STEG PERFORMER P55;899;
;Système PC;STEG;STEG RAPTOR C20;799;
;Système PC;STEG;STEG RAPTOR P40;699;
;Système PC;STEG;STEG RAPTOR P50;999;
;Système PC;STEG;STEG RAPTOR P50 SET;1199;
;Système PC;STEG;STEG RAPTOR P60;1249;
;Système PC;STEG;STEG RAPTOR P60 SET;1399;
;Système PC;STEG;STEG RAPTOR X70;1499;
;Système PC;STEG;STEG RAPTOR X70 SET;1749;
;Système PC;STEG;"STEG RAPTOR X70 SET 23""";1649;
;Système PC;STEG;STEG RAPTOR X80;1799;
;Système PC;STEG;STEG XTREME HOME 3D SET;1699;
;Système PC;STEG;STEG XTREME HOME NVIDIA;1499;
;Système PC;STEG;STEG XTREME HOME SET;1799;
;Système PC;STEG;STEG XTREME RABBIT;1299;
;Système PC;STEG;STEG XTREME RAPTOR;2499;
;Système PC;STEG;STEG XTREME VENUS;1999;
;Système PC;STEG;STEG XTREME-HOME;1444;
;Carte mère;Supermicro;Supermicro X7SPA-H-D525;229.9;
;Mémoire vive;Synology;Synology DDR3 2GB Memory;79.9;
;Dispositifs AV;TDK;TDK Sound Cube;369;
;Tv;Toshiba;Toshiba 46WL863G;999;
;Tv;Toshiba;Toshiba 46YL863G;999;
;Portable et Tablette;Toshiba;Toshiba AT200-101;333;
;Lecteur DVD&BD;Toshiba;Toshiba BD-X1250;89.9;
;Portable et Tablette;Toshiba;Toshiba C660D-1C7;389;
;Portable et Tablette;Toshiba;Toshiba C855-1GJ;333;
;Portable et Tablette;Toshiba;Toshiba L770D-10M;699;
;Portable et Tablette;Toshiba;Toshiba Qosmio F750-12U 3D;1529;
;Portable et Tablette;Toshiba;Toshiba Qosmio X770-107;1999;
;Portable et Tablette;Toshiba;Toshiba Satellite C855-221;799;
;Portable et Tablette;Toshiba;Toshiba Satellite L850-1L1;999;
;Portable et Tablette;Toshiba;Toshiba Satellite L870-12N;699;
;Portable et Tablette;Toshiba;Toshiba Satellite P855-33H;1199;
;Portable et Tablette;Toshiba;Toshiba Satellite P870-31D;1199;
;Portable et Tablette;Toshiba;Toshiba Satellite P875-31Z;1499;
;Portable et Tablette;Toshiba;Toshiba Satellite U920t-100;1299;
;Portable et Tablette;Toshiba;Toshiba Satellite Z830-10J;1199;
;Portable et Tablette;Toshiba;Toshiba SatelliteC855-159;799;
;Portable et Tablette;Toshiba;Toshiba SatelliteC870-12V;555;
;Portable et Tablette;Toshiba;Toshiba SatelliteP870-11J;999;
;Portable et Tablette;Toshiba;Toshiba Tecra R850-18J;1049;
;Carte Graphique;XFX;XFX HD 7770 Black DD;179;
;Carte Graphique;XFX;XFX HD6450;54.9;
;Carte Graphique;XFX;XFX HD7770;159;
;Carte Graphique;XFX;XFX HD7870 DD;339;
;Carte Graphique;XFX;XFX HD7950 Black Edition;469;
;Carte Graphique;XFX;XFX HD7970 DD;519;
;Carte Graphique;XFX;XFX HD7970 DD BLACK;499;
;Dispositifs AV;YA!;YA! SB-500;199.9;
;Dispositifs AV;YA!;YA! Z-7789-ND2MUCEiA;629;
;Système PC;Zotac;Zotac ZBOX BlurayAD05 Plus;489;
;Système PC;Zotac;Zotac ZBOX HD ID41 PLUS;349;
;Système PC;Zotac;Zotac ZBOXnanoXS AD11 Plus;369;
